n_iter,roc_auc_selector,mcc_selector,accuracy_selector,precision_selector,recall_selector,f1_score_selector,id_add,acquisition_add,id_forget,acquisition_forget,id_prior_al
0,0.4651674297513242,-0.051525408538115894,0.42063492063492064,0.47210134755755195,0.4762097136188168,0.41503020881178676,[350],[0.9999998807907104],[130],[0.0037468373775482178],"[130, 689]"
1,,,,,,,[247],[0.7260606288909912],[247],[0.0018205195665359497],"[689, 350]"
2,,,,,,,[247],[0.7260606288909912],[247],[0.0018205195665359497],"[689, 350]"
3,,,,,,,[247],[0.7260606288909912],[247],[0.0018205195665359497],"[689, 350]"
4,,,,,,,[247],[0.7260606288909912],[247],[0.0018205195665359497],"[689, 350]"
5,,,,,,,[247],[0.7260606288909912],[247],[0.0018205195665359497],"[689, 350]"
6,,,,,,,[247],[0.7260606288909912],[247],[0.0018205195665359497],"[689, 350]"
7,,,,,,,[247],[0.7260606288909912],[247],[0.0018205195665359497],"[689, 350]"
8,,,,,,,[247],[0.7260606288909912],[247],[0.0018205195665359497],"[689, 350]"
9,,,,,,,[247],[0.7260606288909912],[247],[0.0018205195665359497],"[689, 350]"
10,0.6668237723314481,0.0,0.373015873015873,0.1865079365079365,0.5,0.27167630057803466,[247],[0.7260606288909912],[247],[0.0018205195665359497],"[689, 350]"
11,,,,,,,[247],[0.7260606288909912],[247],[0.0018205195665359497],"[689, 350]"
12,,,,,,,[247],[0.7260606288909912],[247],[0.0018205195665359497],"[689, 350]"
13,,,,,,,[247],[0.7260606288909912],[247],[0.0018205195665359497],"[689, 350]"
14,,,,,,,[247],[0.7260606288909912],[247],[0.0018205195665359497],"[689, 350]"
15,,,,,,,[247],[0.7260606288909912],[247],[0.0018205195665359497],"[689, 350]"
16,,,,,,,[247],[0.7260606288909912],[247],[0.0018205195665359497],"[689, 350]"
17,,,,,,,[247],[0.7260606288909912],[247],[0.0018205195665359497],"[689, 350]"
18,,,,,,,[247],[0.7260606288909912],[247],[0.0018205195665359497],"[689, 350]"
19,,,,,,,[247],[0.7260606288909912],[247],[0.0018205195665359497],"[689, 350]"
20,0.6668237723314481,0.0,0.373015873015873,0.1865079365079365,0.5,0.27167630057803466,[247],[0.7260606288909912],[247],[0.0018205195665359497],"[689, 350]"
21,,,,,,,[247],[0.7260606288909912],[247],[0.0018205195665359497],"[689, 350]"
22,,,,,,,[247],[0.7260606288909912],[247],[0.0018205195665359497],"[689, 350]"
23,,,,,,,[247],[0.7260606288909912],[247],[0.0018205195665359497],"[689, 350]"
24,,,,,,,[247],[0.7260606288909912],[247],[0.0018205195665359497],"[689, 350]"
25,,,,,,,[247],[0.7260606288909912],[247],[0.0018205195665359497],"[689, 350]"
26,,,,,,,[247],[0.7260606288909912],[247],[0.0018205195665359497],"[689, 350]"
27,,,,,,,[247],[0.7260606288909912],[247],[0.0018205195665359497],"[689, 350]"
28,,,,,,,[247],[0.7260606288909912],[247],[0.0018205195665359497],"[689, 350]"
29,,,,,,,[247],[0.7260606288909912],[247],[0.0018205195665359497],"[689, 350]"
30,0.6668237723314481,0.0,0.373015873015873,0.1865079365079365,0.5,0.27167630057803466,[247],[0.7260606288909912],[247],[0.0018205195665359497],"[689, 350]"
31,,,,,,,[247],[0.7260606288909912],[247],[0.0018205195665359497],"[689, 350]"
32,,,,,,,[247],[0.7260606288909912],[247],[0.0018205195665359497],"[689, 350]"
33,,,,,,,[247],[0.7260606288909912],[247],[0.0018205195665359497],"[689, 350]"
34,,,,,,,[247],[0.7260606288909912],[247],[0.0018205195665359497],"[689, 350]"
35,,,,,,,[247],[0.7260606288909912],[247],[0.0018205195665359497],"[689, 350]"
36,,,,,,,[247],[0.7260606288909912],[247],[0.0018205195665359497],"[689, 350]"
37,,,,,,,[247],[0.7260606288909912],[247],[0.0018205195665359497],"[689, 350]"
38,,,,,,,[247],[0.7260606288909912],[247],[0.0018205195665359497],"[689, 350]"
39,,,,,,,[247],[0.7260606288909912],[247],[0.0018205195665359497],"[689, 350]"
40,0.6668237723314481,0.0,0.373015873015873,0.1865079365079365,0.5,0.27167630057803466,[247],[0.7260606288909912],[247],[0.0018205195665359497],"[689, 350]"
41,,,,,,,[247],[0.7260606288909912],[247],[0.0018205195665359497],"[689, 350]"
42,,,,,,,[247],[0.7260606288909912],[247],[0.0018205195665359497],"[689, 350]"
43,,,,,,,[247],[0.7260606288909912],[247],[0.0018205195665359497],"[689, 350]"
44,,,,,,,[247],[0.7260606288909912],[247],[0.0018205195665359497],"[689, 350]"
45,,,,,,,[247],[0.7260606288909912],[247],[0.0018205195665359497],"[689, 350]"
46,,,,,,,[247],[0.7260606288909912],[247],[0.0018205195665359497],"[689, 350]"
47,,,,,,,[247],[0.7260606288909912],[247],[0.0018205195665359497],"[689, 350]"
48,,,,,,,[247],[0.7260606288909912],[247],[0.0018205195665359497],"[689, 350]"
49,,,,,,,[247],[0.7260606288909912],[247],[0.0018205195665359497],"[689, 350]"
50,0.6668237723314481,0.0,0.373015873015873,0.1865079365079365,0.5,0.27167630057803466,[247],[0.7260606288909912],[247],[0.0018205195665359497],"[689, 350]"
51,,,,,,,[247],[0.7260606288909912],[247],[0.0018205195665359497],"[689, 350]"
52,,,,,,,[247],[0.7260606288909912],[247],[0.0018205195665359497],"[689, 350]"
53,,,,,,,[247],[0.7260606288909912],[247],[0.0018205195665359497],"[689, 350]"
54,,,,,,,[247],[0.7260606288909912],[247],[0.0018205195665359497],"[689, 350]"
55,,,,,,,[247],[0.7260606288909912],[247],[0.0018205195665359497],"[689, 350]"
56,,,,,,,[247],[0.7260606288909912],[247],[0.0018205195665359497],"[689, 350]"
57,,,,,,,[247],[0.7260606288909912],[247],[0.0018205195665359497],"[689, 350]"
58,,,,,,,[247],[0.7260606288909912],[247],[0.0018205195665359497],"[689, 350]"
59,,,,,,,[247],[0.7260606288909912],[247],[0.0018205195665359497],"[689, 350]"
60,0.6668237723314481,0.0,0.373015873015873,0.1865079365079365,0.5,0.27167630057803466,[247],[0.7260606288909912],[247],[0.0018205195665359497],"[689, 350]"
61,,,,,,,[247],[0.7260606288909912],[247],[0.0018205195665359497],"[689, 350]"
62,,,,,,,[247],[0.7260606288909912],[247],[0.0018205195665359497],"[689, 350]"
63,,,,,,,[247],[0.7260606288909912],[247],[0.0018205195665359497],"[689, 350]"
64,,,,,,,[247],[0.7260606288909912],[247],[0.0018205195665359497],"[689, 350]"
65,,,,,,,[247],[0.7260606288909912],[247],[0.0018205195665359497],"[689, 350]"
66,,,,,,,[247],[0.7260606288909912],[247],[0.0018205195665359497],"[689, 350]"
67,,,,,,,[247],[0.7260606288909912],[247],[0.0018205195665359497],"[689, 350]"
68,,,,,,,[247],[0.7260606288909912],[247],[0.0018205195665359497],"[689, 350]"
69,,,,,,,[247],[0.7260606288909912],[247],[0.0018205195665359497],"[689, 350]"
70,0.6668237723314481,0.0,0.373015873015873,0.1865079365079365,0.5,0.27167630057803466,[247],[0.7260606288909912],[247],[0.0018205195665359497],"[689, 350]"
71,,,,,,,[247],[0.7260606288909912],[247],[0.0018205195665359497],"[689, 350]"
72,,,,,,,[247],[0.7260606288909912],[247],[0.0018205195665359497],"[689, 350]"
73,,,,,,,[247],[0.7260606288909912],[247],[0.0018205195665359497],"[689, 350]"
74,,,,,,,[247],[0.7260606288909912],[247],[0.0018205195665359497],"[689, 350]"
75,,,,,,,[247],[0.7260606288909912],[247],[0.0018205195665359497],"[689, 350]"
76,,,,,,,[247],[0.7260606288909912],[247],[0.0018205195665359497],"[689, 350]"
77,,,,,,,[247],[0.7260606288909912],[247],[0.0018205195665359497],"[689, 350]"
78,,,,,,,[247],[0.7260606288909912],[247],[0.0018205195665359497],"[689, 350]"
79,,,,,,,[247],[0.7260606288909912],[247],[0.0018205195665359497],"[689, 350]"
80,0.6668237723314481,0.0,0.373015873015873,0.1865079365079365,0.5,0.27167630057803466,[247],[0.7260606288909912],[247],[0.0018205195665359497],"[689, 350]"
81,,,,,,,[247],[0.7260606288909912],[247],[0.0018205195665359497],"[689, 350]"
82,,,,,,,[247],[0.7260606288909912],[247],[0.0018205195665359497],"[689, 350]"
83,,,,,,,[247],[0.7260606288909912],[247],[0.0018205195665359497],"[689, 350]"
84,,,,,,,[247],[0.7260606288909912],[247],[0.0018205195665359497],"[689, 350]"
85,,,,,,,[247],[0.7260606288909912],[247],[0.0018205195665359497],"[689, 350]"
86,,,,,,,[247],[0.7260606288909912],[247],[0.0018205195665359497],"[689, 350]"
87,,,,,,,[247],[0.7260606288909912],[247],[0.0018205195665359497],"[689, 350]"
88,,,,,,,[247],[0.7260606288909912],[247],[0.0018205195665359497],"[689, 350]"
89,,,,,,,[247],[0.7260606288909912],[247],[0.0018205195665359497],"[689, 350]"
90,0.6668237723314481,0.0,0.373015873015873,0.1865079365079365,0.5,0.27167630057803466,[247],[0.7260606288909912],[247],[0.0018205195665359497],"[689, 350]"
91,,,,,,,[247],[0.7260606288909912],[247],[0.0018205195665359497],"[689, 350]"
92,,,,,,,[247],[0.7260606288909912],[247],[0.0018205195665359497],"[689, 350]"
93,,,,,,,[247],[0.7260606288909912],[247],[0.0018205195665359497],"[689, 350]"
94,,,,,,,[247],[0.7260606288909912],[247],[0.0018205195665359497],"[689, 350]"
95,,,,,,,[247],[0.7260606288909912],[247],[0.0018205195665359497],"[689, 350]"
96,,,,,,,[247],[0.7260606288909912],[247],[0.0018205195665359497],"[689, 350]"
97,,,,,,,[247],[0.7260606288909912],[247],[0.0018205195665359497],"[689, 350]"
98,,,,,,,[247],[0.7260606288909912],[247],[0.0018205195665359497],"[689, 350]"
99,,,,,,,[247],[0.7260606288909912],[247],[0.0018205195665359497],"[689, 350]"
100,0.6668237723314481,0.0,0.373015873015873,0.1865079365079365,0.5,0.27167630057803466,[247],[0.7260606288909912],[247],[0.0018205195665359497],"[689, 350]"
101,,,,,,,[247],[0.7260606288909912],[247],[0.0018205195665359497],"[689, 350]"
102,,,,,,,[247],[0.7260606288909912],[247],[0.0018205195665359497],"[689, 350]"
103,,,,,,,[247],[0.7260606288909912],[247],[0.0018205195665359497],"[689, 350]"
104,,,,,,,[247],[0.7260606288909912],[247],[0.0018205195665359497],"[689, 350]"
105,,,,,,,[247],[0.7260606288909912],[247],[0.0018205195665359497],"[689, 350]"
106,,,,,,,[247],[0.7260606288909912],[247],[0.0018205195665359497],"[689, 350]"
107,,,,,,,[247],[0.7260606288909912],[247],[0.0018205195665359497],"[689, 350]"
108,,,,,,,[247],[0.7260606288909912],[247],[0.0018205195665359497],"[689, 350]"
109,,,,,,,[247],[0.7260606288909912],[247],[0.0018205195665359497],"[689, 350]"
110,0.6668237723314481,0.0,0.373015873015873,0.1865079365079365,0.5,0.27167630057803466,[247],[0.7260606288909912],[247],[0.0018205195665359497],"[689, 350]"
111,,,,,,,[247],[0.7260606288909912],[247],[0.0018205195665359497],"[689, 350]"
112,,,,,,,[247],[0.7260606288909912],[247],[0.0018205195665359497],"[689, 350]"
113,,,,,,,[247],[0.7260606288909912],[247],[0.0018205195665359497],"[689, 350]"
114,,,,,,,[247],[0.7260606288909912],[247],[0.0018205195665359497],"[689, 350]"
115,,,,,,,[247],[0.7260606288909912],[247],[0.0018205195665359497],"[689, 350]"
116,,,,,,,[247],[0.7260606288909912],[247],[0.0018205195665359497],"[689, 350]"
117,,,,,,,[247],[0.7260606288909912],[247],[0.0018205195665359497],"[689, 350]"
118,,,,,,,[247],[0.7260606288909912],[247],[0.0018205195665359497],"[689, 350]"
119,,,,,,,[247],[0.7260606288909912],[247],[0.0018205195665359497],"[689, 350]"
120,0.6668237723314481,0.0,0.373015873015873,0.1865079365079365,0.5,0.27167630057803466,[247],[0.7260606288909912],[247],[0.0018205195665359497],"[689, 350]"
121,,,,,,,[247],[0.7260606288909912],[247],[0.0018205195665359497],"[689, 350]"
122,,,,,,,[247],[0.7260606288909912],[247],[0.0018205195665359497],"[689, 350]"
123,,,,,,,[247],[0.7260606288909912],[247],[0.0018205195665359497],"[689, 350]"
124,,,,,,,[247],[0.7260606288909912],[247],[0.0018205195665359497],"[689, 350]"
125,,,,,,,[247],[0.7260606288909912],[247],[0.0018205195665359497],"[689, 350]"
126,,,,,,,[247],[0.7260606288909912],[247],[0.0018205195665359497],"[689, 350]"
127,,,,,,,[247],[0.7260606288909912],[247],[0.0018205195665359497],"[689, 350]"
128,,,,,,,[247],[0.7260606288909912],[247],[0.0018205195665359497],"[689, 350]"
129,,,,,,,[247],[0.7260606288909912],[247],[0.0018205195665359497],"[689, 350]"
130,0.6668237723314481,0.0,0.373015873015873,0.1865079365079365,0.5,0.27167630057803466,[247],[0.7260606288909912],[247],[0.0018205195665359497],"[689, 350]"
131,,,,,,,[247],[0.7260606288909912],[247],[0.0018205195665359497],"[689, 350]"
132,,,,,,,[247],[0.7260606288909912],[247],[0.0018205195665359497],"[689, 350]"
133,,,,,,,[247],[0.7260606288909912],[247],[0.0018205195665359497],"[689, 350]"
134,,,,,,,[247],[0.7260606288909912],[247],[0.0018205195665359497],"[689, 350]"
135,,,,,,,[247],[0.7260606288909912],[247],[0.0018205195665359497],"[689, 350]"
136,,,,,,,[247],[0.7260606288909912],[247],[0.0018205195665359497],"[689, 350]"
137,,,,,,,[247],[0.7260606288909912],[247],[0.0018205195665359497],"[689, 350]"
138,,,,,,,[247],[0.7260606288909912],[247],[0.0018205195665359497],"[689, 350]"
139,,,,,,,[247],[0.7260606288909912],[247],[0.0018205195665359497],"[689, 350]"
140,0.6668237723314481,0.0,0.373015873015873,0.1865079365079365,0.5,0.27167630057803466,[247],[0.7260606288909912],[247],[0.0018205195665359497],"[689, 350]"
141,,,,,,,[247],[0.7260606288909912],[247],[0.0018205195665359497],"[689, 350]"
142,,,,,,,[247],[0.7260606288909912],[247],[0.0018205195665359497],"[689, 350]"
143,,,,,,,[247],[0.7260606288909912],[247],[0.0018205195665359497],"[689, 350]"
144,,,,,,,[247],[0.7260606288909912],[247],[0.0018205195665359497],"[689, 350]"
145,,,,,,,[247],[0.7260606288909912],[247],[0.0018205195665359497],"[689, 350]"
146,,,,,,,[247],[0.7260606288909912],[247],[0.0018205195665359497],"[689, 350]"
147,,,,,,,[247],[0.7260606288909912],[247],[0.0018205195665359497],"[689, 350]"
148,,,,,,,[247],[0.7260606288909912],[247],[0.0018205195665359497],"[689, 350]"
149,,,,,,,[247],[0.7260606288909912],[247],[0.0018205195665359497],"[689, 350]"
150,0.6668237723314481,0.0,0.373015873015873,0.1865079365079365,0.5,0.27167630057803466,[247],[0.7260606288909912],[247],[0.0018205195665359497],"[689, 350]"
151,,,,,,,[247],[0.7260606288909912],[247],[0.0018205195665359497],"[689, 350]"
152,,,,,,,[247],[0.7260606288909912],[247],[0.0018205195665359497],"[689, 350]"
153,,,,,,,[247],[0.7260606288909912],[247],[0.0018205195665359497],"[689, 350]"
154,,,,,,,[247],[0.7260606288909912],[247],[0.0018205195665359497],"[689, 350]"
155,,,,,,,[247],[0.7260606288909912],[247],[0.0018205195665359497],"[689, 350]"
156,,,,,,,[247],[0.7260606288909912],[247],[0.0018205195665359497],"[689, 350]"
157,,,,,,,[247],[0.7260606288909912],[247],[0.0018205195665359497],"[689, 350]"
158,,,,,,,[247],[0.7260606288909912],[247],[0.0018205195665359497],"[689, 350]"
159,,,,,,,[247],[0.7260606288909912],[247],[0.0018205195665359497],"[689, 350]"
160,0.6668237723314481,0.0,0.373015873015873,0.1865079365079365,0.5,0.27167630057803466,[247],[0.7260606288909912],[247],[0.0018205195665359497],"[689, 350]"
161,,,,,,,[247],[0.7260606288909912],[247],[0.0018205195665359497],"[689, 350]"
162,,,,,,,[247],[0.7260606288909912],[247],[0.0018205195665359497],"[689, 350]"
163,,,,,,,[247],[0.7260606288909912],[247],[0.0018205195665359497],"[689, 350]"
164,,,,,,,[247],[0.7260606288909912],[247],[0.0018205195665359497],"[689, 350]"
165,,,,,,,[247],[0.7260606288909912],[247],[0.0018205195665359497],"[689, 350]"
166,,,,,,,[247],[0.7260606288909912],[247],[0.0018205195665359497],"[689, 350]"
167,,,,,,,[247],[0.7260606288909912],[247],[0.0018205195665359497],"[689, 350]"
168,,,,,,,[247],[0.7260606288909912],[247],[0.0018205195665359497],"[689, 350]"
169,,,,,,,[247],[0.7260606288909912],[247],[0.0018205195665359497],"[689, 350]"
170,0.6668237723314481,0.0,0.373015873015873,0.1865079365079365,0.5,0.27167630057803466,[247],[0.7260606288909912],[247],[0.0018205195665359497],"[689, 350]"
171,,,,,,,[247],[0.7260606288909912],[247],[0.0018205195665359497],"[689, 350]"
172,,,,,,,[247],[0.7260606288909912],[247],[0.0018205195665359497],"[689, 350]"
173,,,,,,,[247],[0.7260606288909912],[247],[0.0018205195665359497],"[689, 350]"
174,,,,,,,[247],[0.7260606288909912],[247],[0.0018205195665359497],"[689, 350]"
175,,,,,,,[247],[0.7260606288909912],[247],[0.0018205195665359497],"[689, 350]"
176,,,,,,,[247],[0.7260606288909912],[247],[0.0018205195665359497],"[689, 350]"
177,,,,,,,[247],[0.7260606288909912],[247],[0.0018205195665359497],"[689, 350]"
178,,,,,,,[247],[0.7260606288909912],[247],[0.0018205195665359497],"[689, 350]"
179,,,,,,,[247],[0.7260606288909912],[247],[0.0018205195665359497],"[689, 350]"
180,0.6668237723314481,0.0,0.373015873015873,0.1865079365079365,0.5,0.27167630057803466,[247],[0.7260606288909912],[247],[0.0018205195665359497],"[689, 350]"
181,,,,,,,[247],[0.7260606288909912],[247],[0.0018205195665359497],"[689, 350]"
182,,,,,,,[247],[0.7260606288909912],[247],[0.0018205195665359497],"[689, 350]"
183,,,,,,,[247],[0.7260606288909912],[247],[0.0018205195665359497],"[689, 350]"
184,,,,,,,[247],[0.7260606288909912],[247],[0.0018205195665359497],"[689, 350]"
185,,,,,,,[247],[0.7260606288909912],[247],[0.0018205195665359497],"[689, 350]"
186,,,,,,,[247],[0.7260606288909912],[247],[0.0018205195665359497],"[689, 350]"
187,,,,,,,[247],[0.7260606288909912],[247],[0.0018205195665359497],"[689, 350]"
188,,,,,,,[247],[0.7260606288909912],[247],[0.0018205195665359497],"[689, 350]"
189,,,,,,,[247],[0.7260606288909912],[247],[0.0018205195665359497],"[689, 350]"
190,0.6668237723314481,0.0,0.373015873015873,0.1865079365079365,0.5,0.27167630057803466,[247],[0.7260606288909912],[247],[0.0018205195665359497],"[689, 350]"
191,,,,,,,[247],[0.7260606288909912],[247],[0.0018205195665359497],"[689, 350]"
192,,,,,,,[247],[0.7260606288909912],[247],[0.0018205195665359497],"[689, 350]"
193,,,,,,,[247],[0.7260606288909912],[247],[0.0018205195665359497],"[689, 350]"
194,,,,,,,[247],[0.7260606288909912],[247],[0.0018205195665359497],"[689, 350]"
195,,,,,,,[247],[0.7260606288909912],[247],[0.0018205195665359497],"[689, 350]"
196,,,,,,,[247],[0.7260606288909912],[247],[0.0018205195665359497],"[689, 350]"
197,,,,,,,[247],[0.7260606288909912],[247],[0.0018205195665359497],"[689, 350]"
198,,,,,,,[247],[0.7260606288909912],[247],[0.0018205195665359497],"[689, 350]"
199,,,,,,,[247],[0.7260606288909912],[247],[0.0018205195665359497],"[689, 350]"
200,0.6668237723314481,0.0,0.373015873015873,0.1865079365079365,0.5,0.27167630057803466,[247],[0.7260606288909912],[247],[0.0018205195665359497],"[689, 350]"
201,,,,,,,[247],[0.7260606288909912],[247],[0.0018205195665359497],"[689, 350]"
202,,,,,,,[247],[0.7260606288909912],[247],[0.0018205195665359497],"[689, 350]"
203,,,,,,,[247],[0.7260606288909912],[247],[0.0018205195665359497],"[689, 350]"
204,,,,,,,[247],[0.7260606288909912],[247],[0.0018205195665359497],"[689, 350]"
205,,,,,,,[247],[0.7260606288909912],[247],[0.0018205195665359497],"[689, 350]"
206,,,,,,,[247],[0.7260606288909912],[247],[0.0018205195665359497],"[689, 350]"
207,,,,,,,[247],[0.7260606288909912],[247],[0.0018205195665359497],"[689, 350]"
208,,,,,,,[247],[0.7260606288909912],[247],[0.0018205195665359497],"[689, 350]"
209,,,,,,,[247],[0.7260606288909912],[247],[0.0018205195665359497],"[689, 350]"
210,0.6668237723314481,0.0,0.373015873015873,0.1865079365079365,0.5,0.27167630057803466,[247],[0.7260606288909912],[247],[0.0018205195665359497],"[689, 350]"
211,,,,,,,[247],[0.7260606288909912],[247],[0.0018205195665359497],"[689, 350]"
212,,,,,,,[247],[0.7260606288909912],[247],[0.0018205195665359497],"[689, 350]"
213,,,,,,,[247],[0.7260606288909912],[247],[0.0018205195665359497],"[689, 350]"
214,,,,,,,[247],[0.7260606288909912],[247],[0.0018205195665359497],"[689, 350]"
215,,,,,,,[247],[0.7260606288909912],[247],[0.0018205195665359497],"[689, 350]"
216,,,,,,,[247],[0.7260606288909912],[247],[0.0018205195665359497],"[689, 350]"
217,,,,,,,[247],[0.7260606288909912],[247],[0.0018205195665359497],"[689, 350]"
218,,,,,,,[247],[0.7260606288909912],[247],[0.0018205195665359497],"[689, 350]"
219,,,,,,,[247],[0.7260606288909912],[247],[0.0018205195665359497],"[689, 350]"
220,0.6668237723314481,0.0,0.373015873015873,0.1865079365079365,0.5,0.27167630057803466,[247],[0.7260606288909912],[247],[0.0018205195665359497],"[689, 350]"
221,,,,,,,[247],[0.7260606288909912],[247],[0.0018205195665359497],"[689, 350]"
222,,,,,,,[247],[0.7260606288909912],[247],[0.0018205195665359497],"[689, 350]"
223,,,,,,,[247],[0.7260606288909912],[247],[0.0018205195665359497],"[689, 350]"
224,,,,,,,[247],[0.7260606288909912],[247],[0.0018205195665359497],"[689, 350]"
225,,,,,,,[247],[0.7260606288909912],[247],[0.0018205195665359497],"[689, 350]"
226,,,,,,,[247],[0.7260606288909912],[247],[0.0018205195665359497],"[689, 350]"
227,,,,,,,[247],[0.7260606288909912],[247],[0.0018205195665359497],"[689, 350]"
228,,,,,,,[247],[0.7260606288909912],[247],[0.0018205195665359497],"[689, 350]"
229,,,,,,,[247],[0.7260606288909912],[247],[0.0018205195665359497],"[689, 350]"
230,0.6668237723314481,0.0,0.373015873015873,0.1865079365079365,0.5,0.27167630057803466,[247],[0.7260606288909912],[247],[0.0018205195665359497],"[689, 350]"
231,,,,,,,[247],[0.7260606288909912],[247],[0.0018205195665359497],"[689, 350]"
232,,,,,,,[247],[0.7260606288909912],[247],[0.0018205195665359497],"[689, 350]"
233,,,,,,,[247],[0.7260606288909912],[247],[0.0018205195665359497],"[689, 350]"
234,,,,,,,[247],[0.7260606288909912],[247],[0.0018205195665359497],"[689, 350]"
235,,,,,,,[247],[0.7260606288909912],[247],[0.0018205195665359497],"[689, 350]"
236,,,,,,,[247],[0.7260606288909912],[247],[0.0018205195665359497],"[689, 350]"
237,,,,,,,[247],[0.7260606288909912],[247],[0.0018205195665359497],"[689, 350]"
238,,,,,,,[247],[0.7260606288909912],[247],[0.0018205195665359497],"[689, 350]"
239,,,,,,,[247],[0.7260606288909912],[247],[0.0018205195665359497],"[689, 350]"
240,0.6668237723314481,0.0,0.373015873015873,0.1865079365079365,0.5,0.27167630057803466,[247],[0.7260606288909912],[247],[0.0018205195665359497],"[689, 350]"
241,,,,,,,[247],[0.7260606288909912],[247],[0.0018205195665359497],"[689, 350]"
242,,,,,,,[247],[0.7260606288909912],[247],[0.0018205195665359497],"[689, 350]"
243,,,,,,,[247],[0.7260606288909912],[247],[0.0018205195665359497],"[689, 350]"
244,,,,,,,[247],[0.7260606288909912],[247],[0.0018205195665359497],"[689, 350]"
245,,,,,,,[247],[0.7260606288909912],[247],[0.0018205195665359497],"[689, 350]"
246,,,,,,,[247],[0.7260606288909912],[247],[0.0018205195665359497],"[689, 350]"
247,,,,,,,[247],[0.7260606288909912],[247],[0.0018205195665359497],"[689, 350]"
248,,,,,,,[247],[0.7260606288909912],[247],[0.0018205195665359497],"[689, 350]"
249,,,,,,,[247],[0.7260606288909912],[247],[0.0018205195665359497],"[689, 350]"
250,0.6668237723314481,0.0,0.373015873015873,0.1865079365079365,0.5,0.27167630057803466,[247],[0.7260606288909912],[247],[0.0018205195665359497],"[689, 350]"
251,,,,,,,[247],[0.7260606288909912],[247],[0.0018205195665359497],"[689, 350]"
252,,,,,,,[247],[0.7260606288909912],[247],[0.0018205195665359497],"[689, 350]"
253,,,,,,,[247],[0.7260606288909912],[247],[0.0018205195665359497],"[689, 350]"
254,,,,,,,[247],[0.7260606288909912],[247],[0.0018205195665359497],"[689, 350]"
255,,,,,,,[247],[0.7260606288909912],[247],[0.0018205195665359497],"[689, 350]"
256,,,,,,,[247],[0.7260606288909912],[247],[0.0018205195665359497],"[689, 350]"
257,,,,,,,[247],[0.7260606288909912],[247],[0.0018205195665359497],"[689, 350]"
258,,,,,,,[247],[0.7260606288909912],[247],[0.0018205195665359497],"[689, 350]"
259,,,,,,,[247],[0.7260606288909912],[247],[0.0018205195665359497],"[689, 350]"
260,0.6668237723314481,0.0,0.373015873015873,0.1865079365079365,0.5,0.27167630057803466,[247],[0.7260606288909912],[247],[0.0018205195665359497],"[689, 350]"
261,,,,,,,[247],[0.7260606288909912],[247],[0.0018205195665359497],"[689, 350]"
262,,,,,,,[247],[0.7260606288909912],[247],[0.0018205195665359497],"[689, 350]"
263,,,,,,,[247],[0.7260606288909912],[247],[0.0018205195665359497],"[689, 350]"
264,,,,,,,[247],[0.7260606288909912],[247],[0.0018205195665359497],"[689, 350]"
265,,,,,,,[247],[0.7260606288909912],[247],[0.0018205195665359497],"[689, 350]"
266,,,,,,,[247],[0.7260606288909912],[247],[0.0018205195665359497],"[689, 350]"
267,,,,,,,[247],[0.7260606288909912],[247],[0.0018205195665359497],"[689, 350]"
268,,,,,,,[247],[0.7260606288909912],[247],[0.0018205195665359497],"[689, 350]"
269,,,,,,,[247],[0.7260606288909912],[247],[0.0018205195665359497],"[689, 350]"
270,0.6668237723314481,0.0,0.373015873015873,0.1865079365079365,0.5,0.27167630057803466,[247],[0.7260606288909912],[247],[0.0018205195665359497],"[689, 350]"
271,,,,,,,[247],[0.7260606288909912],[247],[0.0018205195665359497],"[689, 350]"
272,,,,,,,[247],[0.7260606288909912],[247],[0.0018205195665359497],"[689, 350]"
273,,,,,,,[247],[0.7260606288909912],[247],[0.0018205195665359497],"[689, 350]"
274,,,,,,,[247],[0.7260606288909912],[247],[0.0018205195665359497],"[689, 350]"
275,,,,,,,[247],[0.7260606288909912],[247],[0.0018205195665359497],"[689, 350]"
276,,,,,,,[247],[0.7260606288909912],[247],[0.0018205195665359497],"[689, 350]"
277,,,,,,,[247],[0.7260606288909912],[247],[0.0018205195665359497],"[689, 350]"
278,,,,,,,[247],[0.7260606288909912],[247],[0.0018205195665359497],"[689, 350]"
279,,,,,,,[247],[0.7260606288909912],[247],[0.0018205195665359497],"[689, 350]"
280,0.6668237723314481,0.0,0.373015873015873,0.1865079365079365,0.5,0.27167630057803466,[247],[0.7260606288909912],[247],[0.0018205195665359497],"[689, 350]"
281,,,,,,,[247],[0.7260606288909912],[247],[0.0018205195665359497],"[689, 350]"
282,,,,,,,[247],[0.7260606288909912],[247],[0.0018205195665359497],"[689, 350]"
283,,,,,,,[247],[0.7260606288909912],[247],[0.0018205195665359497],"[689, 350]"
284,,,,,,,[247],[0.7260606288909912],[247],[0.0018205195665359497],"[689, 350]"
285,,,,,,,[247],[0.7260606288909912],[247],[0.0018205195665359497],"[689, 350]"
286,,,,,,,[247],[0.7260606288909912],[247],[0.0018205195665359497],"[689, 350]"
287,,,,,,,[247],[0.7260606288909912],[247],[0.0018205195665359497],"[689, 350]"
288,,,,,,,[247],[0.7260606288909912],[247],[0.0018205195665359497],"[689, 350]"
289,,,,,,,[247],[0.7260606288909912],[247],[0.0018205195665359497],"[689, 350]"
290,0.6668237723314481,0.0,0.373015873015873,0.1865079365079365,0.5,0.27167630057803466,[247],[0.7260606288909912],[247],[0.0018205195665359497],"[689, 350]"
291,,,,,,,[247],[0.7260606288909912],[247],[0.0018205195665359497],"[689, 350]"
292,,,,,,,[247],[0.7260606288909912],[247],[0.0018205195665359497],"[689, 350]"
293,,,,,,,[247],[0.7260606288909912],[247],[0.0018205195665359497],"[689, 350]"
294,,,,,,,[247],[0.7260606288909912],[247],[0.0018205195665359497],"[689, 350]"
295,,,,,,,[247],[0.7260606288909912],[247],[0.0018205195665359497],"[689, 350]"
296,,,,,,,[247],[0.7260606288909912],[247],[0.0018205195665359497],"[689, 350]"
297,,,,,,,[247],[0.7260606288909912],[247],[0.0018205195665359497],"[689, 350]"
298,,,,,,,[247],[0.7260606288909912],[247],[0.0018205195665359497],"[689, 350]"
299,,,,,,,[247],[0.7260606288909912],[247],[0.0018205195665359497],"[689, 350]"
300,0.6668237723314481,0.0,0.373015873015873,0.1865079365079365,0.5,0.27167630057803466,[247],[0.7260606288909912],[247],[0.0018205195665359497],"[689, 350]"
301,,,,,,,[247],[0.7260606288909912],[247],[0.0018205195665359497],"[689, 350]"
302,,,,,,,[247],[0.7260606288909912],[247],[0.0018205195665359497],"[689, 350]"
303,,,,,,,[247],[0.7260606288909912],[247],[0.0018205195665359497],"[689, 350]"
304,,,,,,,[247],[0.7260606288909912],[247],[0.0018205195665359497],"[689, 350]"
305,,,,,,,[247],[0.7260606288909912],[247],[0.0018205195665359497],"[689, 350]"
306,,,,,,,[247],[0.7260606288909912],[247],[0.0018205195665359497],"[689, 350]"
307,,,,,,,[247],[0.7260606288909912],[247],[0.0018205195665359497],"[689, 350]"
308,,,,,,,[247],[0.7260606288909912],[247],[0.0018205195665359497],"[689, 350]"
309,,,,,,,[247],[0.7260606288909912],[247],[0.0018205195665359497],"[689, 350]"
310,0.6668237723314481,0.0,0.373015873015873,0.1865079365079365,0.5,0.27167630057803466,[247],[0.7260606288909912],[247],[0.0018205195665359497],"[689, 350]"
311,,,,,,,[247],[0.7260606288909912],[247],[0.0018205195665359497],"[689, 350]"
312,,,,,,,[247],[0.7260606288909912],[247],[0.0018205195665359497],"[689, 350]"
313,,,,,,,[247],[0.7260606288909912],[247],[0.0018205195665359497],"[689, 350]"
314,,,,,,,[247],[0.7260606288909912],[247],[0.0018205195665359497],"[689, 350]"
315,,,,,,,[247],[0.7260606288909912],[247],[0.0018205195665359497],"[689, 350]"
316,,,,,,,[247],[0.7260606288909912],[247],[0.0018205195665359497],"[689, 350]"
317,,,,,,,[247],[0.7260606288909912],[247],[0.0018205195665359497],"[689, 350]"
318,,,,,,,[247],[0.7260606288909912],[247],[0.0018205195665359497],"[689, 350]"
319,,,,,,,[247],[0.7260606288909912],[247],[0.0018205195665359497],"[689, 350]"
320,0.6668237723314481,0.0,0.373015873015873,0.1865079365079365,0.5,0.27167630057803466,[247],[0.7260606288909912],[247],[0.0018205195665359497],"[689, 350]"
321,,,,,,,[247],[0.7260606288909912],[247],[0.0018205195665359497],"[689, 350]"
322,,,,,,,[247],[0.7260606288909912],[247],[0.0018205195665359497],"[689, 350]"
323,,,,,,,[247],[0.7260606288909912],[247],[0.0018205195665359497],"[689, 350]"
324,,,,,,,[247],[0.7260606288909912],[247],[0.0018205195665359497],"[689, 350]"
325,,,,,,,[247],[0.7260606288909912],[247],[0.0018205195665359497],"[689, 350]"
326,,,,,,,[247],[0.7260606288909912],[247],[0.0018205195665359497],"[689, 350]"
327,,,,,,,[247],[0.7260606288909912],[247],[0.0018205195665359497],"[689, 350]"
328,,,,,,,[247],[0.7260606288909912],[247],[0.0018205195665359497],"[689, 350]"
329,,,,,,,[247],[0.7260606288909912],[247],[0.0018205195665359497],"[689, 350]"
330,0.6668237723314481,0.0,0.373015873015873,0.1865079365079365,0.5,0.27167630057803466,[247],[0.7260606288909912],[247],[0.0018205195665359497],"[689, 350]"
331,,,,,,,[247],[0.7260606288909912],[247],[0.0018205195665359497],"[689, 350]"
332,,,,,,,[247],[0.7260606288909912],[247],[0.0018205195665359497],"[689, 350]"
333,,,,,,,[247],[0.7260606288909912],[247],[0.0018205195665359497],"[689, 350]"
334,,,,,,,[247],[0.7260606288909912],[247],[0.0018205195665359497],"[689, 350]"
335,,,,,,,[247],[0.7260606288909912],[247],[0.0018205195665359497],"[689, 350]"
336,,,,,,,[247],[0.7260606288909912],[247],[0.0018205195665359497],"[689, 350]"
337,,,,,,,[247],[0.7260606288909912],[247],[0.0018205195665359497],"[689, 350]"
338,,,,,,,[247],[0.7260606288909912],[247],[0.0018205195665359497],"[689, 350]"
339,,,,,,,[247],[0.7260606288909912],[247],[0.0018205195665359497],"[689, 350]"
340,0.6668237723314481,0.0,0.373015873015873,0.1865079365079365,0.5,0.27167630057803466,[247],[0.7260606288909912],[247],[0.0018205195665359497],"[689, 350]"
341,,,,,,,[247],[0.7260606288909912],[247],[0.0018205195665359497],"[689, 350]"
342,,,,,,,[247],[0.7260606288909912],[247],[0.0018205195665359497],"[689, 350]"
343,,,,,,,[247],[0.7260606288909912],[247],[0.0018205195665359497],"[689, 350]"
344,,,,,,,[247],[0.7260606288909912],[247],[0.0018205195665359497],"[689, 350]"
345,,,,,,,[247],[0.7260606288909912],[247],[0.0018205195665359497],"[689, 350]"
346,,,,,,,[247],[0.7260606288909912],[247],[0.0018205195665359497],"[689, 350]"
347,,,,,,,[247],[0.7260606288909912],[247],[0.0018205195665359497],"[689, 350]"
348,,,,,,,[247],[0.7260606288909912],[247],[0.0018205195665359497],"[689, 350]"
349,,,,,,,[247],[0.7260606288909912],[247],[0.0018205195665359497],"[689, 350]"
350,0.6668237723314481,0.0,0.373015873015873,0.1865079365079365,0.5,0.27167630057803466,[247],[0.7260606288909912],[247],[0.0018205195665359497],"[689, 350]"
351,,,,,,,[247],[0.7260606288909912],[247],[0.0018205195665359497],"[689, 350]"
352,,,,,,,[247],[0.7260606288909912],[247],[0.0018205195665359497],"[689, 350]"
353,,,,,,,[247],[0.7260606288909912],[247],[0.0018205195665359497],"[689, 350]"
354,,,,,,,[247],[0.7260606288909912],[247],[0.0018205195665359497],"[689, 350]"
355,,,,,,,[247],[0.7260606288909912],[247],[0.0018205195665359497],"[689, 350]"
356,,,,,,,[247],[0.7260606288909912],[247],[0.0018205195665359497],"[689, 350]"
357,,,,,,,[247],[0.7260606288909912],[247],[0.0018205195665359497],"[689, 350]"
358,,,,,,,[247],[0.7260606288909912],[247],[0.0018205195665359497],"[689, 350]"
359,,,,,,,[247],[0.7260606288909912],[247],[0.0018205195665359497],"[689, 350]"
360,0.6668237723314481,0.0,0.373015873015873,0.1865079365079365,0.5,0.27167630057803466,[247],[0.7260606288909912],[247],[0.0018205195665359497],"[689, 350]"
361,,,,,,,[247],[0.7260606288909912],[247],[0.0018205195665359497],"[689, 350]"
362,,,,,,,[247],[0.7260606288909912],[247],[0.0018205195665359497],"[689, 350]"
363,,,,,,,[247],[0.7260606288909912],[247],[0.0018205195665359497],"[689, 350]"
364,,,,,,,[247],[0.7260606288909912],[247],[0.0018205195665359497],"[689, 350]"
365,,,,,,,[247],[0.7260606288909912],[247],[0.0018205195665359497],"[689, 350]"
366,,,,,,,[247],[0.7260606288909912],[247],[0.0018205195665359497],"[689, 350]"
367,,,,,,,[247],[0.7260606288909912],[247],[0.0018205195665359497],"[689, 350]"
368,,,,,,,[247],[0.7260606288909912],[247],[0.0018205195665359497],"[689, 350]"
369,,,,,,,[247],[0.7260606288909912],[247],[0.0018205195665359497],"[689, 350]"
370,0.6668237723314481,0.0,0.373015873015873,0.1865079365079365,0.5,0.27167630057803466,[247],[0.7260606288909912],[247],[0.0018205195665359497],"[689, 350]"
371,,,,,,,[247],[0.7260606288909912],[247],[0.0018205195665359497],"[689, 350]"
372,,,,,,,[247],[0.7260606288909912],[247],[0.0018205195665359497],"[689, 350]"
373,,,,,,,[247],[0.7260606288909912],[247],[0.0018205195665359497],"[689, 350]"
374,,,,,,,[247],[0.7260606288909912],[247],[0.0018205195665359497],"[689, 350]"
375,,,,,,,[247],[0.7260606288909912],[247],[0.0018205195665359497],"[689, 350]"
376,,,,,,,[247],[0.7260606288909912],[247],[0.0018205195665359497],"[689, 350]"
377,,,,,,,[247],[0.7260606288909912],[247],[0.0018205195665359497],"[689, 350]"
378,,,,,,,[247],[0.7260606288909912],[247],[0.0018205195665359497],"[689, 350]"
379,,,,,,,[247],[0.7260606288909912],[247],[0.0018205195665359497],"[689, 350]"
380,0.6668237723314481,0.0,0.373015873015873,0.1865079365079365,0.5,0.27167630057803466,[247],[0.7260606288909912],[247],[0.0018205195665359497],"[689, 350]"
381,,,,,,,[247],[0.7260606288909912],[247],[0.0018205195665359497],"[689, 350]"
382,,,,,,,[247],[0.7260606288909912],[247],[0.0018205195665359497],"[689, 350]"
383,,,,,,,[247],[0.7260606288909912],[247],[0.0018205195665359497],"[689, 350]"
384,,,,,,,[247],[0.7260606288909912],[247],[0.0018205195665359497],"[689, 350]"
385,,,,,,,[247],[0.7260606288909912],[247],[0.0018205195665359497],"[689, 350]"
386,,,,,,,[247],[0.7260606288909912],[247],[0.0018205195665359497],"[689, 350]"
387,,,,,,,[247],[0.7260606288909912],[247],[0.0018205195665359497],"[689, 350]"
388,,,,,,,[247],[0.7260606288909912],[247],[0.0018205195665359497],"[689, 350]"
389,,,,,,,[247],[0.7260606288909912],[247],[0.0018205195665359497],"[689, 350]"
390,0.6668237723314481,0.0,0.373015873015873,0.1865079365079365,0.5,0.27167630057803466,[247],[0.7260606288909912],[247],[0.0018205195665359497],"[689, 350]"
391,,,,,,,[247],[0.7260606288909912],[247],[0.0018205195665359497],"[689, 350]"
392,,,,,,,[247],[0.7260606288909912],[247],[0.0018205195665359497],"[689, 350]"
393,,,,,,,[247],[0.7260606288909912],[247],[0.0018205195665359497],"[689, 350]"
394,,,,,,,[247],[0.7260606288909912],[247],[0.0018205195665359497],"[689, 350]"
395,,,,,,,[247],[0.7260606288909912],[247],[0.0018205195665359497],"[689, 350]"
396,,,,,,,[247],[0.7260606288909912],[247],[0.0018205195665359497],"[689, 350]"
397,,,,,,,[247],[0.7260606288909912],[247],[0.0018205195665359497],"[689, 350]"
398,,,,,,,[247],[0.7260606288909912],[247],[0.0018205195665359497],"[689, 350]"
399,,,,,,,[247],[0.7260606288909912],[247],[0.0018205195665359497],"[689, 350]"
400,0.6668237723314481,0.0,0.373015873015873,0.1865079365079365,0.5,0.27167630057803466,[247],[0.7260606288909912],[247],[0.0018205195665359497],"[689, 350]"
401,,,,,,,[247],[0.7260606288909912],[247],[0.0018205195665359497],"[689, 350]"
402,,,,,,,[247],[0.7260606288909912],[247],[0.0018205195665359497],"[689, 350]"
403,,,,,,,[247],[0.7260606288909912],[247],[0.0018205195665359497],"[689, 350]"
404,,,,,,,[247],[0.7260606288909912],[247],[0.0018205195665359497],"[689, 350]"
405,,,,,,,[247],[0.7260606288909912],[247],[0.0018205195665359497],"[689, 350]"
406,,,,,,,[247],[0.7260606288909912],[247],[0.0018205195665359497],"[689, 350]"
407,,,,,,,[247],[0.7260606288909912],[247],[0.0018205195665359497],"[689, 350]"
408,,,,,,,[247],[0.7260606288909912],[247],[0.0018205195665359497],"[689, 350]"
409,,,,,,,[247],[0.7260606288909912],[247],[0.0018205195665359497],"[689, 350]"
410,0.6668237723314481,0.0,0.373015873015873,0.1865079365079365,0.5,0.27167630057803466,[247],[0.7260606288909912],[247],[0.0018205195665359497],"[689, 350]"
411,,,,,,,[247],[0.7260606288909912],[247],[0.0018205195665359497],"[689, 350]"
412,,,,,,,[247],[0.7260606288909912],[247],[0.0018205195665359497],"[689, 350]"
413,,,,,,,[247],[0.7260606288909912],[247],[0.0018205195665359497],"[689, 350]"
414,,,,,,,[247],[0.7260606288909912],[247],[0.0018205195665359497],"[689, 350]"
415,,,,,,,[247],[0.7260606288909912],[247],[0.0018205195665359497],"[689, 350]"
416,,,,,,,[247],[0.7260606288909912],[247],[0.0018205195665359497],"[689, 350]"
417,,,,,,,[247],[0.7260606288909912],[247],[0.0018205195665359497],"[689, 350]"
418,,,,,,,[247],[0.7260606288909912],[247],[0.0018205195665359497],"[689, 350]"
419,,,,,,,[247],[0.7260606288909912],[247],[0.0018205195665359497],"[689, 350]"
420,0.6668237723314481,0.0,0.373015873015873,0.1865079365079365,0.5,0.27167630057803466,[247],[0.7260606288909912],[247],[0.0018205195665359497],"[689, 350]"
421,,,,,,,[247],[0.7260606288909912],[247],[0.0018205195665359497],"[689, 350]"
422,,,,,,,[247],[0.7260606288909912],[247],[0.0018205195665359497],"[689, 350]"
423,,,,,,,[247],[0.7260606288909912],[247],[0.0018205195665359497],"[689, 350]"
424,,,,,,,[247],[0.7260606288909912],[247],[0.0018205195665359497],"[689, 350]"
425,,,,,,,[247],[0.7260606288909912],[247],[0.0018205195665359497],"[689, 350]"
426,,,,,,,[247],[0.7260606288909912],[247],[0.0018205195665359497],"[689, 350]"
427,,,,,,,[247],[0.7260606288909912],[247],[0.0018205195665359497],"[689, 350]"
428,,,,,,,[247],[0.7260606288909912],[247],[0.0018205195665359497],"[689, 350]"
429,,,,,,,[247],[0.7260606288909912],[247],[0.0018205195665359497],"[689, 350]"
430,0.6668237723314481,0.0,0.373015873015873,0.1865079365079365,0.5,0.27167630057803466,[247],[0.7260606288909912],[247],[0.0018205195665359497],"[689, 350]"
431,,,,,,,[247],[0.7260606288909912],[247],[0.0018205195665359497],"[689, 350]"
432,,,,,,,[247],[0.7260606288909912],[247],[0.0018205195665359497],"[689, 350]"
433,,,,,,,[247],[0.7260606288909912],[247],[0.0018205195665359497],"[689, 350]"
434,,,,,,,[247],[0.7260606288909912],[247],[0.0018205195665359497],"[689, 350]"
435,,,,,,,[247],[0.7260606288909912],[247],[0.0018205195665359497],"[689, 350]"
436,,,,,,,[247],[0.7260606288909912],[247],[0.0018205195665359497],"[689, 350]"
437,,,,,,,[247],[0.7260606288909912],[247],[0.0018205195665359497],"[689, 350]"
438,,,,,,,[247],[0.7260606288909912],[247],[0.0018205195665359497],"[689, 350]"
439,,,,,,,[247],[0.7260606288909912],[247],[0.0018205195665359497],"[689, 350]"
440,0.6668237723314481,0.0,0.373015873015873,0.1865079365079365,0.5,0.27167630057803466,[247],[0.7260606288909912],[247],[0.0018205195665359497],"[689, 350]"
441,,,,,,,[247],[0.7260606288909912],[247],[0.0018205195665359497],"[689, 350]"
442,,,,,,,[247],[0.7260606288909912],[247],[0.0018205195665359497],"[689, 350]"
443,,,,,,,[247],[0.7260606288909912],[247],[0.0018205195665359497],"[689, 350]"
444,,,,,,,[247],[0.7260606288909912],[247],[0.0018205195665359497],"[689, 350]"
445,,,,,,,[247],[0.7260606288909912],[247],[0.0018205195665359497],"[689, 350]"
446,,,,,,,[247],[0.7260606288909912],[247],[0.0018205195665359497],"[689, 350]"
447,,,,,,,[247],[0.7260606288909912],[247],[0.0018205195665359497],"[689, 350]"
448,,,,,,,[247],[0.7260606288909912],[247],[0.0018205195665359497],"[689, 350]"
449,,,,,,,[247],[0.7260606288909912],[247],[0.0018205195665359497],"[689, 350]"
450,0.6668237723314481,0.0,0.373015873015873,0.1865079365079365,0.5,0.27167630057803466,[247],[0.7260606288909912],[247],[0.0018205195665359497],"[689, 350]"
451,,,,,,,[247],[0.7260606288909912],[247],[0.0018205195665359497],"[689, 350]"
452,,,,,,,[247],[0.7260606288909912],[247],[0.0018205195665359497],"[689, 350]"
453,,,,,,,[247],[0.7260606288909912],[247],[0.0018205195665359497],"[689, 350]"
454,,,,,,,[247],[0.7260606288909912],[247],[0.0018205195665359497],"[689, 350]"
455,,,,,,,[247],[0.7260606288909912],[247],[0.0018205195665359497],"[689, 350]"
456,,,,,,,[247],[0.7260606288909912],[247],[0.0018205195665359497],"[689, 350]"
457,,,,,,,[247],[0.7260606288909912],[247],[0.0018205195665359497],"[689, 350]"
458,,,,,,,[247],[0.7260606288909912],[247],[0.0018205195665359497],"[689, 350]"
459,,,,,,,[247],[0.7260606288909912],[247],[0.0018205195665359497],"[689, 350]"
460,0.6668237723314481,0.0,0.373015873015873,0.1865079365079365,0.5,0.27167630057803466,[247],[0.7260606288909912],[247],[0.0018205195665359497],"[689, 350]"
461,,,,,,,[247],[0.7260606288909912],[247],[0.0018205195665359497],"[689, 350]"
462,,,,,,,[247],[0.7260606288909912],[247],[0.0018205195665359497],"[689, 350]"
463,,,,,,,[247],[0.7260606288909912],[247],[0.0018205195665359497],"[689, 350]"
464,,,,,,,[247],[0.7260606288909912],[247],[0.0018205195665359497],"[689, 350]"
465,,,,,,,[247],[0.7260606288909912],[247],[0.0018205195665359497],"[689, 350]"
466,,,,,,,[247],[0.7260606288909912],[247],[0.0018205195665359497],"[689, 350]"
467,,,,,,,[247],[0.7260606288909912],[247],[0.0018205195665359497],"[689, 350]"
468,,,,,,,[247],[0.7260606288909912],[247],[0.0018205195665359497],"[689, 350]"
469,,,,,,,[247],[0.7260606288909912],[247],[0.0018205195665359497],"[689, 350]"
470,0.6668237723314481,0.0,0.373015873015873,0.1865079365079365,0.5,0.27167630057803466,[247],[0.7260606288909912],[247],[0.0018205195665359497],"[689, 350]"
471,,,,,,,[247],[0.7260606288909912],[247],[0.0018205195665359497],"[689, 350]"
472,,,,,,,[247],[0.7260606288909912],[247],[0.0018205195665359497],"[689, 350]"
473,,,,,,,[247],[0.7260606288909912],[247],[0.0018205195665359497],"[689, 350]"
474,,,,,,,[247],[0.7260606288909912],[247],[0.0018205195665359497],"[689, 350]"
475,,,,,,,[247],[0.7260606288909912],[247],[0.0018205195665359497],"[689, 350]"
476,,,,,,,[247],[0.7260606288909912],[247],[0.0018205195665359497],"[689, 350]"
477,,,,,,,[247],[0.7260606288909912],[247],[0.0018205195665359497],"[689, 350]"
478,,,,,,,[247],[0.7260606288909912],[247],[0.0018205195665359497],"[689, 350]"
479,,,,,,,[247],[0.7260606288909912],[247],[0.0018205195665359497],"[689, 350]"
480,0.6668237723314481,0.0,0.373015873015873,0.1865079365079365,0.5,0.27167630057803466,[247],[0.7260606288909912],[247],[0.0018205195665359497],"[689, 350]"
481,,,,,,,[247],[0.7260606288909912],[247],[0.0018205195665359497],"[689, 350]"
482,,,,,,,[247],[0.7260606288909912],[247],[0.0018205195665359497],"[689, 350]"
483,,,,,,,[247],[0.7260606288909912],[247],[0.0018205195665359497],"[689, 350]"
484,,,,,,,[247],[0.7260606288909912],[247],[0.0018205195665359497],"[689, 350]"
485,,,,,,,[247],[0.7260606288909912],[247],[0.0018205195665359497],"[689, 350]"
486,,,,,,,[247],[0.7260606288909912],[247],[0.0018205195665359497],"[689, 350]"
487,,,,,,,[247],[0.7260606288909912],[247],[0.0018205195665359497],"[689, 350]"
488,,,,,,,[247],[0.7260606288909912],[247],[0.0018205195665359497],"[689, 350]"
489,,,,,,,[247],[0.7260606288909912],[247],[0.0018205195665359497],"[689, 350]"
490,0.6668237723314481,0.0,0.373015873015873,0.1865079365079365,0.5,0.27167630057803466,[247],[0.7260606288909912],[247],[0.0018205195665359497],"[689, 350]"
491,,,,,,,[247],[0.7260606288909912],[247],[0.0018205195665359497],"[689, 350]"
492,,,,,,,[247],[0.7260606288909912],[247],[0.0018205195665359497],"[689, 350]"
493,,,,,,,[247],[0.7260606288909912],[247],[0.0018205195665359497],"[689, 350]"
494,,,,,,,[247],[0.7260606288909912],[247],[0.0018205195665359497],"[689, 350]"
495,,,,,,,[247],[0.7260606288909912],[247],[0.0018205195665359497],"[689, 350]"
496,,,,,,,[247],[0.7260606288909912],[247],[0.0018205195665359497],"[689, 350]"
497,,,,,,,[247],[0.7260606288909912],[247],[0.0018205195665359497],"[689, 350]"
498,,,,,,,[247],[0.7260606288909912],[247],[0.0018205195665359497],"[689, 350]"
499,,,,,,,[247],[0.7260606288909912],[247],[0.0018205195665359497],"[689, 350]"
500,0.6668237723314481,0.0,0.373015873015873,0.1865079365079365,0.5,0.27167630057803466,[247],[0.7260606288909912],[247],[0.0018205195665359497],"[689, 350]"
501,,,,,,,[247],[0.7260606288909912],[247],[0.0018205195665359497],"[689, 350]"
502,,,,,,,[247],[0.7260606288909912],[247],[0.0018205195665359497],"[689, 350]"
503,,,,,,,[247],[0.7260606288909912],[247],[0.0018205195665359497],"[689, 350]"
504,,,,,,,[247],[0.7260606288909912],[247],[0.0018205195665359497],"[689, 350]"
505,,,,,,,[247],[0.7260606288909912],[247],[0.0018205195665359497],"[689, 350]"
506,,,,,,,[247],[0.7260606288909912],[247],[0.0018205195665359497],"[689, 350]"
507,,,,,,,[247],[0.7260606288909912],[247],[0.0018205195665359497],"[689, 350]"
508,,,,,,,[247],[0.7260606288909912],[247],[0.0018205195665359497],"[689, 350]"
509,,,,,,,[247],[0.7260606288909912],[247],[0.0018205195665359497],"[689, 350]"
510,0.6668237723314481,0.0,0.373015873015873,0.1865079365079365,0.5,0.27167630057803466,[247],[0.7260606288909912],[247],[0.0018205195665359497],"[689, 350]"
511,,,,,,,[247],[0.7260606288909912],[247],[0.0018205195665359497],"[689, 350]"
512,,,,,,,[247],[0.7260606288909912],[247],[0.0018205195665359497],"[689, 350]"
513,,,,,,,[247],[0.7260606288909912],[247],[0.0018205195665359497],"[689, 350]"
514,,,,,,,[247],[0.7260606288909912],[247],[0.0018205195665359497],"[689, 350]"
515,,,,,,,[247],[0.7260606288909912],[247],[0.0018205195665359497],"[689, 350]"
516,,,,,,,[247],[0.7260606288909912],[247],[0.0018205195665359497],"[689, 350]"
517,,,,,,,[247],[0.7260606288909912],[247],[0.0018205195665359497],"[689, 350]"
518,,,,,,,[247],[0.7260606288909912],[247],[0.0018205195665359497],"[689, 350]"
519,,,,,,,[247],[0.7260606288909912],[247],[0.0018205195665359497],"[689, 350]"
520,0.6668237723314481,0.0,0.373015873015873,0.1865079365079365,0.5,0.27167630057803466,[247],[0.7260606288909912],[247],[0.0018205195665359497],"[689, 350]"
521,,,,,,,[247],[0.7260606288909912],[247],[0.0018205195665359497],"[689, 350]"
522,,,,,,,[247],[0.7260606288909912],[247],[0.0018205195665359497],"[689, 350]"
523,,,,,,,[247],[0.7260606288909912],[247],[0.0018205195665359497],"[689, 350]"
524,,,,,,,[247],[0.7260606288909912],[247],[0.0018205195665359497],"[689, 350]"
525,,,,,,,[247],[0.7260606288909912],[247],[0.0018205195665359497],"[689, 350]"
526,,,,,,,[247],[0.7260606288909912],[247],[0.0018205195665359497],"[689, 350]"
527,,,,,,,[247],[0.7260606288909912],[247],[0.0018205195665359497],"[689, 350]"
528,,,,,,,[247],[0.7260606288909912],[247],[0.0018205195665359497],"[689, 350]"
529,,,,,,,[247],[0.7260606288909912],[247],[0.0018205195665359497],"[689, 350]"
530,0.6668237723314481,0.0,0.373015873015873,0.1865079365079365,0.5,0.27167630057803466,[247],[0.7260606288909912],[247],[0.0018205195665359497],"[689, 350]"
531,,,,,,,[247],[0.7260606288909912],[247],[0.0018205195665359497],"[689, 350]"
532,,,,,,,[247],[0.7260606288909912],[247],[0.0018205195665359497],"[689, 350]"
533,,,,,,,[247],[0.7260606288909912],[247],[0.0018205195665359497],"[689, 350]"
534,,,,,,,[247],[0.7260606288909912],[247],[0.0018205195665359497],"[689, 350]"
535,,,,,,,[247],[0.7260606288909912],[247],[0.0018205195665359497],"[689, 350]"
536,,,,,,,[247],[0.7260606288909912],[247],[0.0018205195665359497],"[689, 350]"
537,,,,,,,[247],[0.7260606288909912],[247],[0.0018205195665359497],"[689, 350]"
538,,,,,,,[247],[0.7260606288909912],[247],[0.0018205195665359497],"[689, 350]"
539,,,,,,,[247],[0.7260606288909912],[247],[0.0018205195665359497],"[689, 350]"
540,0.6668237723314481,0.0,0.373015873015873,0.1865079365079365,0.5,0.27167630057803466,[247],[0.7260606288909912],[247],[0.0018205195665359497],"[689, 350]"
541,,,,,,,[247],[0.7260606288909912],[247],[0.0018205195665359497],"[689, 350]"
542,,,,,,,[247],[0.7260606288909912],[247],[0.0018205195665359497],"[689, 350]"
543,,,,,,,[247],[0.7260606288909912],[247],[0.0018205195665359497],"[689, 350]"
544,,,,,,,[247],[0.7260606288909912],[247],[0.0018205195665359497],"[689, 350]"
545,,,,,,,[247],[0.7260606288909912],[247],[0.0018205195665359497],"[689, 350]"
546,,,,,,,[247],[0.7260606288909912],[247],[0.0018205195665359497],"[689, 350]"
547,,,,,,,[247],[0.7260606288909912],[247],[0.0018205195665359497],"[689, 350]"
548,,,,,,,[247],[0.7260606288909912],[247],[0.0018205195665359497],"[689, 350]"
549,,,,,,,[247],[0.7260606288909912],[247],[0.0018205195665359497],"[689, 350]"
550,0.6668237723314481,0.0,0.373015873015873,0.1865079365079365,0.5,0.27167630057803466,[247],[0.7260606288909912],[247],[0.0018205195665359497],"[689, 350]"
551,,,,,,,[247],[0.7260606288909912],[247],[0.0018205195665359497],"[689, 350]"
552,,,,,,,[247],[0.7260606288909912],[247],[0.0018205195665359497],"[689, 350]"
553,,,,,,,[247],[0.7260606288909912],[247],[0.0018205195665359497],"[689, 350]"
554,,,,,,,[247],[0.7260606288909912],[247],[0.0018205195665359497],"[689, 350]"
555,,,,,,,[247],[0.7260606288909912],[247],[0.0018205195665359497],"[689, 350]"
556,,,,,,,[247],[0.7260606288909912],[247],[0.0018205195665359497],"[689, 350]"
557,,,,,,,[247],[0.7260606288909912],[247],[0.0018205195665359497],"[689, 350]"
558,,,,,,,[247],[0.7260606288909912],[247],[0.0018205195665359497],"[689, 350]"
559,,,,,,,[247],[0.7260606288909912],[247],[0.0018205195665359497],"[689, 350]"
560,0.6668237723314481,0.0,0.373015873015873,0.1865079365079365,0.5,0.27167630057803466,[247],[0.7260606288909912],[247],[0.0018205195665359497],"[689, 350]"
561,,,,,,,[247],[0.7260606288909912],[247],[0.0018205195665359497],"[689, 350]"
562,,,,,,,[247],[0.7260606288909912],[247],[0.0018205195665359497],"[689, 350]"
563,,,,,,,[247],[0.7260606288909912],[247],[0.0018205195665359497],"[689, 350]"
564,,,,,,,[247],[0.7260606288909912],[247],[0.0018205195665359497],"[689, 350]"
565,,,,,,,[247],[0.7260606288909912],[247],[0.0018205195665359497],"[689, 350]"
566,,,,,,,[247],[0.7260606288909912],[247],[0.0018205195665359497],"[689, 350]"
567,,,,,,,[247],[0.7260606288909912],[247],[0.0018205195665359497],"[689, 350]"
568,,,,,,,[247],[0.7260606288909912],[247],[0.0018205195665359497],"[689, 350]"
569,,,,,,,[247],[0.7260606288909912],[247],[0.0018205195665359497],"[689, 350]"
570,0.6668237723314481,0.0,0.373015873015873,0.1865079365079365,0.5,0.27167630057803466,[247],[0.7260606288909912],[247],[0.0018205195665359497],"[689, 350]"
571,,,,,,,[247],[0.7260606288909912],[247],[0.0018205195665359497],"[689, 350]"
572,,,,,,,[247],[0.7260606288909912],[247],[0.0018205195665359497],"[689, 350]"
573,,,,,,,[247],[0.7260606288909912],[247],[0.0018205195665359497],"[689, 350]"
574,,,,,,,[247],[0.7260606288909912],[247],[0.0018205195665359497],"[689, 350]"
575,,,,,,,[247],[0.7260606288909912],[247],[0.0018205195665359497],"[689, 350]"
576,,,,,,,[247],[0.7260606288909912],[247],[0.0018205195665359497],"[689, 350]"
577,,,,,,,[247],[0.7260606288909912],[247],[0.0018205195665359497],"[689, 350]"
578,,,,,,,[247],[0.7260606288909912],[247],[0.0018205195665359497],"[689, 350]"
579,,,,,,,[247],[0.7260606288909912],[247],[0.0018205195665359497],"[689, 350]"
580,0.6668237723314481,0.0,0.373015873015873,0.1865079365079365,0.5,0.27167630057803466,[247],[0.7260606288909912],[247],[0.0018205195665359497],"[689, 350]"
581,,,,,,,[247],[0.7260606288909912],[247],[0.0018205195665359497],"[689, 350]"
582,,,,,,,[247],[0.7260606288909912],[247],[0.0018205195665359497],"[689, 350]"
583,,,,,,,[247],[0.7260606288909912],[247],[0.0018205195665359497],"[689, 350]"
584,,,,,,,[247],[0.7260606288909912],[247],[0.0018205195665359497],"[689, 350]"
585,,,,,,,[247],[0.7260606288909912],[247],[0.0018205195665359497],"[689, 350]"
586,,,,,,,[247],[0.7260606288909912],[247],[0.0018205195665359497],"[689, 350]"
587,,,,,,,[247],[0.7260606288909912],[247],[0.0018205195665359497],"[689, 350]"
588,,,,,,,[247],[0.7260606288909912],[247],[0.0018205195665359497],"[689, 350]"
589,,,,,,,[247],[0.7260606288909912],[247],[0.0018205195665359497],"[689, 350]"
590,0.6668237723314481,0.0,0.373015873015873,0.1865079365079365,0.5,0.27167630057803466,[247],[0.7260606288909912],[247],[0.0018205195665359497],"[689, 350]"
591,,,,,,,[247],[0.7260606288909912],[247],[0.0018205195665359497],"[689, 350]"
592,,,,,,,[247],[0.7260606288909912],[247],[0.0018205195665359497],"[689, 350]"
593,,,,,,,[247],[0.7260606288909912],[247],[0.0018205195665359497],"[689, 350]"
594,,,,,,,[247],[0.7260606288909912],[247],[0.0018205195665359497],"[689, 350]"
595,,,,,,,[247],[0.7260606288909912],[247],[0.0018205195665359497],"[689, 350]"
596,,,,,,,[247],[0.7260606288909912],[247],[0.0018205195665359497],"[689, 350]"
597,,,,,,,[247],[0.7260606288909912],[247],[0.0018205195665359497],"[689, 350]"
598,,,,,,,[247],[0.7260606288909912],[247],[0.0018205195665359497],"[689, 350]"
599,,,,,,,[247],[0.7260606288909912],[247],[0.0018205195665359497],"[689, 350]"
600,0.6668237723314481,0.0,0.373015873015873,0.1865079365079365,0.5,0.27167630057803466,[247],[0.7260606288909912],[247],[0.0018205195665359497],"[689, 350]"
601,,,,,,,[247],[0.7260606288909912],[247],[0.0018205195665359497],"[689, 350]"
602,,,,,,,[247],[0.7260606288909912],[247],[0.0018205195665359497],"[689, 350]"
603,,,,,,,[247],[0.7260606288909912],[247],[0.0018205195665359497],"[689, 350]"
604,,,,,,,[247],[0.7260606288909912],[247],[0.0018205195665359497],"[689, 350]"
605,,,,,,,[247],[0.7260606288909912],[247],[0.0018205195665359497],"[689, 350]"
606,,,,,,,[247],[0.7260606288909912],[247],[0.0018205195665359497],"[689, 350]"
607,,,,,,,[247],[0.7260606288909912],[247],[0.0018205195665359497],"[689, 350]"
608,,,,,,,[247],[0.7260606288909912],[247],[0.0018205195665359497],"[689, 350]"
609,,,,,,,[247],[0.7260606288909912],[247],[0.0018205195665359497],"[689, 350]"
610,0.6668237723314481,0.0,0.373015873015873,0.1865079365079365,0.5,0.27167630057803466,[247],[0.7260606288909912],[247],[0.0018205195665359497],"[689, 350]"
611,,,,,,,[247],[0.7260606288909912],[247],[0.0018205195665359497],"[689, 350]"
612,,,,,,,[247],[0.7260606288909912],[247],[0.0018205195665359497],"[689, 350]"
613,,,,,,,[247],[0.7260606288909912],[247],[0.0018205195665359497],"[689, 350]"
614,,,,,,,[247],[0.7260606288909912],[247],[0.0018205195665359497],"[689, 350]"
615,,,,,,,[247],[0.7260606288909912],[247],[0.0018205195665359497],"[689, 350]"
616,,,,,,,[247],[0.7260606288909912],[247],[0.0018205195665359497],"[689, 350]"
617,,,,,,,[247],[0.7260606288909912],[247],[0.0018205195665359497],"[689, 350]"
618,,,,,,,[247],[0.7260606288909912],[247],[0.0018205195665359497],"[689, 350]"
619,,,,,,,[247],[0.7260606288909912],[247],[0.0018205195665359497],"[689, 350]"
620,0.6668237723314481,0.0,0.373015873015873,0.1865079365079365,0.5,0.27167630057803466,[247],[0.7260606288909912],[247],[0.0018205195665359497],"[689, 350]"
621,,,,,,,[247],[0.7260606288909912],[247],[0.0018205195665359497],"[689, 350]"
622,,,,,,,[247],[0.7260606288909912],[247],[0.0018205195665359497],"[689, 350]"
623,,,,,,,[247],[0.7260606288909912],[247],[0.0018205195665359497],"[689, 350]"
624,,,,,,,[247],[0.7260606288909912],[247],[0.0018205195665359497],"[689, 350]"
625,,,,,,,[247],[0.7260606288909912],[247],[0.0018205195665359497],"[689, 350]"
626,,,,,,,[247],[0.7260606288909912],[247],[0.0018205195665359497],"[689, 350]"
627,,,,,,,[247],[0.7260606288909912],[247],[0.0018205195665359497],"[689, 350]"
628,,,,,,,[247],[0.7260606288909912],[247],[0.0018205195665359497],"[689, 350]"
629,,,,,,,[247],[0.7260606288909912],[247],[0.0018205195665359497],"[689, 350]"
630,0.6668237723314481,0.0,0.373015873015873,0.1865079365079365,0.5,0.27167630057803466,[247],[0.7260606288909912],[247],[0.0018205195665359497],"[689, 350]"
631,,,,,,,[247],[0.7260606288909912],[247],[0.0018205195665359497],"[689, 350]"
632,,,,,,,[247],[0.7260606288909912],[247],[0.0018205195665359497],"[689, 350]"
633,,,,,,,[247],[0.7260606288909912],[247],[0.0018205195665359497],"[689, 350]"
634,,,,,,,[247],[0.7260606288909912],[247],[0.0018205195665359497],"[689, 350]"
635,,,,,,,[247],[0.7260606288909912],[247],[0.0018205195665359497],"[689, 350]"
636,,,,,,,[247],[0.7260606288909912],[247],[0.0018205195665359497],"[689, 350]"
637,,,,,,,[247],[0.7260606288909912],[247],[0.0018205195665359497],"[689, 350]"
638,,,,,,,[247],[0.7260606288909912],[247],[0.0018205195665359497],"[689, 350]"
639,,,,,,,[247],[0.7260606288909912],[247],[0.0018205195665359497],"[689, 350]"
640,0.6668237723314481,0.0,0.373015873015873,0.1865079365079365,0.5,0.27167630057803466,[247],[0.7260606288909912],[247],[0.0018205195665359497],"[689, 350]"
641,,,,,,,[247],[0.7260606288909912],[247],[0.0018205195665359497],"[689, 350]"
642,,,,,,,[247],[0.7260606288909912],[247],[0.0018205195665359497],"[689, 350]"
643,,,,,,,[247],[0.7260606288909912],[247],[0.0018205195665359497],"[689, 350]"
644,,,,,,,[247],[0.7260606288909912],[247],[0.0018205195665359497],"[689, 350]"
645,,,,,,,[247],[0.7260606288909912],[247],[0.0018205195665359497],"[689, 350]"
646,,,,,,,[247],[0.7260606288909912],[247],[0.0018205195665359497],"[689, 350]"
647,,,,,,,[247],[0.7260606288909912],[247],[0.0018205195665359497],"[689, 350]"
648,,,,,,,[247],[0.7260606288909912],[247],[0.0018205195665359497],"[689, 350]"
649,,,,,,,[247],[0.7260606288909912],[247],[0.0018205195665359497],"[689, 350]"
650,0.6668237723314481,0.0,0.373015873015873,0.1865079365079365,0.5,0.27167630057803466,[247],[0.7260606288909912],[247],[0.0018205195665359497],"[689, 350]"
651,,,,,,,[247],[0.7260606288909912],[247],[0.0018205195665359497],"[689, 350]"
652,,,,,,,[247],[0.7260606288909912],[247],[0.0018205195665359497],"[689, 350]"
653,,,,,,,[247],[0.7260606288909912],[247],[0.0018205195665359497],"[689, 350]"
654,,,,,,,[247],[0.7260606288909912],[247],[0.0018205195665359497],"[689, 350]"
655,,,,,,,[247],[0.7260606288909912],[247],[0.0018205195665359497],"[689, 350]"
656,,,,,,,[247],[0.7260606288909912],[247],[0.0018205195665359497],"[689, 350]"
657,,,,,,,[247],[0.7260606288909912],[247],[0.0018205195665359497],"[689, 350]"
658,,,,,,,[247],[0.7260606288909912],[247],[0.0018205195665359497],"[689, 350]"
659,,,,,,,[247],[0.7260606288909912],[247],[0.0018205195665359497],"[689, 350]"
660,0.6668237723314481,0.0,0.373015873015873,0.1865079365079365,0.5,0.27167630057803466,[247],[0.7260606288909912],[247],[0.0018205195665359497],"[689, 350]"
661,,,,,,,[247],[0.7260606288909912],[247],[0.0018205195665359497],"[689, 350]"
662,,,,,,,[247],[0.7260606288909912],[247],[0.0018205195665359497],"[689, 350]"
663,,,,,,,[247],[0.7260606288909912],[247],[0.0018205195665359497],"[689, 350]"
664,,,,,,,[247],[0.7260606288909912],[247],[0.0018205195665359497],"[689, 350]"
665,,,,,,,[247],[0.7260606288909912],[247],[0.0018205195665359497],"[689, 350]"
666,,,,,,,[247],[0.7260606288909912],[247],[0.0018205195665359497],"[689, 350]"
667,,,,,,,[247],[0.7260606288909912],[247],[0.0018205195665359497],"[689, 350]"
668,,,,,,,[247],[0.7260606288909912],[247],[0.0018205195665359497],"[689, 350]"
669,,,,,,,[247],[0.7260606288909912],[247],[0.0018205195665359497],"[689, 350]"
670,0.6668237723314481,0.0,0.373015873015873,0.1865079365079365,0.5,0.27167630057803466,[247],[0.7260606288909912],[247],[0.0018205195665359497],"[689, 350]"
671,,,,,,,[247],[0.7260606288909912],[247],[0.0018205195665359497],"[689, 350]"
672,,,,,,,[247],[0.7260606288909912],[247],[0.0018205195665359497],"[689, 350]"
673,,,,,,,[247],[0.7260606288909912],[247],[0.0018205195665359497],"[689, 350]"
674,,,,,,,[247],[0.7260606288909912],[247],[0.0018205195665359497],"[689, 350]"
675,,,,,,,[247],[0.7260606288909912],[247],[0.0018205195665359497],"[689, 350]"
676,,,,,,,[247],[0.7260606288909912],[247],[0.0018205195665359497],"[689, 350]"
677,,,,,,,[247],[0.7260606288909912],[247],[0.0018205195665359497],"[689, 350]"
678,,,,,,,[247],[0.7260606288909912],[247],[0.0018205195665359497],"[689, 350]"
679,,,,,,,[247],[0.7260606288909912],[247],[0.0018205195665359497],"[689, 350]"
680,0.6668237723314481,0.0,0.373015873015873,0.1865079365079365,0.5,0.27167630057803466,[247],[0.7260606288909912],[247],[0.0018205195665359497],"[689, 350]"
681,,,,,,,[247],[0.7260606288909912],[247],[0.0018205195665359497],"[689, 350]"
682,,,,,,,[247],[0.7260606288909912],[247],[0.0018205195665359497],"[689, 350]"
683,,,,,,,[247],[0.7260606288909912],[247],[0.0018205195665359497],"[689, 350]"
684,,,,,,,[247],[0.7260606288909912],[247],[0.0018205195665359497],"[689, 350]"
685,,,,,,,[247],[0.7260606288909912],[247],[0.0018205195665359497],"[689, 350]"
686,,,,,,,[247],[0.7260606288909912],[247],[0.0018205195665359497],"[689, 350]"
687,,,,,,,[247],[0.7260606288909912],[247],[0.0018205195665359497],"[689, 350]"
688,,,,,,,[247],[0.7260606288909912],[247],[0.0018205195665359497],"[689, 350]"
689,,,,,,,[247],[0.7260606288909912],[247],[0.0018205195665359497],"[689, 350]"
690,0.6668237723314481,0.0,0.373015873015873,0.1865079365079365,0.5,0.27167630057803466,[247],[0.7260606288909912],[247],[0.0018205195665359497],"[689, 350]"
691,,,,,,,[247],[0.7260606288909912],[247],[0.0018205195665359497],"[689, 350]"
692,,,,,,,[247],[0.7260606288909912],[247],[0.0018205195665359497],"[689, 350]"
693,,,,,,,[247],[0.7260606288909912],[247],[0.0018205195665359497],"[689, 350]"
694,,,,,,,[247],[0.7260606288909912],[247],[0.0018205195665359497],"[689, 350]"
695,,,,,,,[247],[0.7260606288909912],[247],[0.0018205195665359497],"[689, 350]"
696,,,,,,,[247],[0.7260606288909912],[247],[0.0018205195665359497],"[689, 350]"
697,,,,,,,[247],[0.7260606288909912],[247],[0.0018205195665359497],"[689, 350]"
698,,,,,,,[247],[0.7260606288909912],[247],[0.0018205195665359497],"[689, 350]"
699,,,,,,,[247],[0.7260606288909912],[247],[0.0018205195665359497],"[689, 350]"
700,0.6668237723314481,0.0,0.373015873015873,0.1865079365079365,0.5,0.27167630057803466,[247],[0.7260606288909912],[247],[0.0018205195665359497],"[689, 350]"
701,,,,,,,[247],[0.7260606288909912],[247],[0.0018205195665359497],"[689, 350]"
702,,,,,,,[247],[0.7260606288909912],[247],[0.0018205195665359497],"[689, 350]"
703,,,,,,,[247],[0.7260606288909912],[247],[0.0018205195665359497],"[689, 350]"
704,,,,,,,[247],[0.7260606288909912],[247],[0.0018205195665359497],"[689, 350]"
705,,,,,,,[247],[0.7260606288909912],[247],[0.0018205195665359497],"[689, 350]"
706,,,,,,,[247],[0.7260606288909912],[247],[0.0018205195665359497],"[689, 350]"
707,,,,,,,[247],[0.7260606288909912],[247],[0.0018205195665359497],"[689, 350]"
708,,,,,,,[247],[0.7260606288909912],[247],[0.0018205195665359497],"[689, 350]"
709,,,,,,,[247],[0.7260606288909912],[247],[0.0018205195665359497],"[689, 350]"
710,0.6668237723314481,0.0,0.373015873015873,0.1865079365079365,0.5,0.27167630057803466,[247],[0.7260606288909912],[247],[0.0018205195665359497],"[689, 350]"
711,,,,,,,[247],[0.7260606288909912],[247],[0.0018205195665359497],"[689, 350]"
712,,,,,,,[247],[0.7260606288909912],[247],[0.0018205195665359497],"[689, 350]"
713,,,,,,,[247],[0.7260606288909912],[247],[0.0018205195665359497],"[689, 350]"
714,,,,,,,[247],[0.7260606288909912],[247],[0.0018205195665359497],"[689, 350]"
715,,,,,,,[247],[0.7260606288909912],[247],[0.0018205195665359497],"[689, 350]"
716,,,,,,,[247],[0.7260606288909912],[247],[0.0018205195665359497],"[689, 350]"
717,,,,,,,[247],[0.7260606288909912],[247],[0.0018205195665359497],"[689, 350]"
718,,,,,,,[247],[0.7260606288909912],[247],[0.0018205195665359497],"[689, 350]"
719,,,,,,,[247],[0.7260606288909912],[247],[0.0018205195665359497],"[689, 350]"
720,0.6668237723314481,0.0,0.373015873015873,0.1865079365079365,0.5,0.27167630057803466,[247],[0.7260606288909912],[247],[0.0018205195665359497],"[689, 350]"
721,,,,,,,[247],[0.7260606288909912],[247],[0.0018205195665359497],"[689, 350]"
722,,,,,,,[247],[0.7260606288909912],[247],[0.0018205195665359497],"[689, 350]"
723,,,,,,,[247],[0.7260606288909912],[247],[0.0018205195665359497],"[689, 350]"
724,,,,,,,[247],[0.7260606288909912],[247],[0.0018205195665359497],"[689, 350]"
725,,,,,,,[247],[0.7260606288909912],[247],[0.0018205195665359497],"[689, 350]"
726,,,,,,,[247],[0.7260606288909912],[247],[0.0018205195665359497],"[689, 350]"
727,,,,,,,[247],[0.7260606288909912],[247],[0.0018205195665359497],"[689, 350]"
728,,,,,,,[247],[0.7260606288909912],[247],[0.0018205195665359497],"[689, 350]"
729,,,,,,,[247],[0.7260606288909912],[247],[0.0018205195665359497],"[689, 350]"
730,0.6668237723314481,0.0,0.373015873015873,0.1865079365079365,0.5,0.27167630057803466,[247],[0.7260606288909912],[247],[0.0018205195665359497],"[689, 350]"
731,,,,,,,[247],[0.7260606288909912],[247],[0.0018205195665359497],"[689, 350]"
732,,,,,,,[247],[0.7260606288909912],[247],[0.0018205195665359497],"[689, 350]"
733,,,,,,,[247],[0.7260606288909912],[247],[0.0018205195665359497],"[689, 350]"
734,,,,,,,[247],[0.7260606288909912],[247],[0.0018205195665359497],"[689, 350]"
735,,,,,,,[247],[0.7260606288909912],[247],[0.0018205195665359497],"[689, 350]"
736,,,,,,,[247],[0.7260606288909912],[247],[0.0018205195665359497],"[689, 350]"
737,,,,,,,[247],[0.7260606288909912],[247],[0.0018205195665359497],"[689, 350]"
738,,,,,,,[247],[0.7260606288909912],[247],[0.0018205195665359497],"[689, 350]"
739,,,,,,,[247],[0.7260606288909912],[247],[0.0018205195665359497],"[689, 350]"
740,0.6668237723314481,0.0,0.373015873015873,0.1865079365079365,0.5,0.27167630057803466,[247],[0.7260606288909912],[247],[0.0018205195665359497],"[689, 350]"
741,,,,,,,[247],[0.7260606288909912],[247],[0.0018205195665359497],"[689, 350]"
742,,,,,,,[247],[0.7260606288909912],[247],[0.0018205195665359497],"[689, 350]"
743,,,,,,,[247],[0.7260606288909912],[247],[0.0018205195665359497],"[689, 350]"
744,,,,,,,[247],[0.7260606288909912],[247],[0.0018205195665359497],"[689, 350]"
745,,,,,,,[247],[0.7260606288909912],[247],[0.0018205195665359497],"[689, 350]"
746,,,,,,,[247],[0.7260606288909912],[247],[0.0018205195665359497],"[689, 350]"
747,,,,,,,[247],[0.7260606288909912],[247],[0.0018205195665359497],"[689, 350]"
748,,,,,,,[247],[0.7260606288909912],[247],[0.0018205195665359497],"[689, 350]"
749,,,,,,,[247],[0.7260606288909912],[247],[0.0018205195665359497],"[689, 350]"
750,0.6668237723314481,0.0,0.373015873015873,0.1865079365079365,0.5,0.27167630057803466,[247],[0.7260606288909912],[247],[0.0018205195665359497],"[689, 350]"
751,,,,,,,[247],[0.7260606288909912],[247],[0.0018205195665359497],"[689, 350]"
752,,,,,,,[247],[0.7260606288909912],[247],[0.0018205195665359497],"[689, 350]"
753,,,,,,,[247],[0.7260606288909912],[247],[0.0018205195665359497],"[689, 350]"
754,,,,,,,[247],[0.7260606288909912],[247],[0.0018205195665359497],"[689, 350]"
755,,,,,,,[247],[0.7260606288909912],[247],[0.0018205195665359497],"[689, 350]"
